organization_name,founded_year,hq_city,employee_count,ceo_name,stock_symbol
Plambee,1960,"Hospitalet De Llobregat, L'",32175,Piotr Skerratt,TTM
Photojam,1820,Río Blanquito,26656,Fawn Arunowicz,HIHO
Dynabox,1957,Staraya Russa,41000,Piper Nunan,AFB
Omba,1876,Vologda,31881,Emeline Cruess,NBRV
Realfire,1949,Cotmon,3743,Junie Paddemore,CYAD
Yambee,1985,Basicao Coastal,93308,Lilly Dunsmuir,SPI
Vimbo,2014,Affery,89270,Guinna Richfield,CFI
Flashdog,1896,Ipoh,34908,Hardy Drinkeld,MSBI
Tagpad,2005,Komsomol’s’ke,21759,Selig Barnsdale,FCT
Zoovu,1843,Pavino,6382,Rebeka Creber,KLXI
Fatz,1900,Jiuchenggong,20831,Aleksandr Volette,VGR
Tavu,1821,Messina,93778,Ly Dunrige,PWR
Yoveo,1800,Fujishiro,331,Gerta Laflin,KONE
Quaxo,1830,Belo,59819,Shayne Piccard,MDWD
Tagfeed,1962,Amboise,99532,Anton Winward,SRAX
Fivespan,1831,Lille,57050,Stevy Spottiswood,NYMX
Vipe,1812,Tanjungbahagia,85028,Lucais Reye,JMU
Trupe,1968,Mahébourg,76919,Kellsie Mennell,UNT
Eimbee,1882,Chating,40919,Lewes Nucciotti,DRIOW
Fivebridge,1909,Kayakent,72093,Ernestus Anan,RVSB
Livetube,1905,Oslo,37318,Shandy Benitez,MNDO
Teklist,1909,Khadzhalmakhi,30506,Cybill McKellen,COH
Devbug,1955,Xiangrong,57541,Allie Reeds,NTNX
Myworks,1800,Stanowice,39118,Meir Freake,NAC
Tagopia,1824,Lau,23195,Tandi Sowerbutts,HSEB
Twitterwire,2004,Beckerich,82600,Maximilian Laible,LFUS
Thoughtstorm,1941,Lyon,1722,Nicolis Albrook,PYS
Dazzlesphere,1933,Aheloy,88792,Bambi Bavister,SPAN
Topicware,1868,Algarrobo,12320,Yolanda Bodega,GF
Flashspan,1937,Wissous,33254,Carlotta Littlewood,OMI
Bubbletube,1840,Majalengka,43014,Benjamin Cavalier,MTX
Dabfeed,1804,Casilda,80360,Zonnya McEvoy,ZIONW
Tagfeed,1880,Czemierniki,90830,Olly Eldrid,TANH
Photobug,1881,Qingxi,93237,Anderson Gibbie,NOK
Babblestorm,1923,Calamba,95418,Tessa Husk,LYTS
Eidel,1810,Sukhobuzimskoye,41828,Laurianne Grover,LTC
Meezzy,1821,Laborde,33156,Homer Groomebridge,JOF
Aimbo,1988,Bueng Khong Long,4843,Stesha Bend,LMHB
Voonder,1911,Iralaya,15042,Rod Lannon,AEG
Realpoint,1952,Kalipare,17794,Charisse Titchener,SITE
Demivee,1901,Buštěhrad,10632,Brandi Paschek,SEDG
Feedfish,1861,Oyam,88738,Willi Skeeles,MTBCP
Jetwire,1859,Yongchang,93159,Laurene Seaward,NOAH
Pixonyx,1873,Siyang,96054,Kristien Stores,VTWG
Thoughtblab,1842,Sundbyberg,41374,Jacintha Haydock,OHI
Feedbug,1975,Kushikino,88120,Ilse Braunle,RIBTW
Fivespan,1906,Fenglin,51405,Nil Gavey,DYNT
Demivee,1993,Aktau,49667,Cally Chalfain,TOUR
Bluejam,1992,Perbaungan,48200,Sara Raywood,SBS
Skinte,1903,Valleymount,6112,Lucilia Bellefant,CASH
Tagtune,1900,Arnhem,53821,Rhonda Antonin,INCY
Realbridge,1890,Longlou,7992,Inigo Gutman,CASH
Yambee,1915,Kokofata,74640,Laure Easman,NVS
Eabox,1846,Xinzhai,97725,Alexander Tottman,CTU
Twitternation,2018,Gapluk,48432,Drusi Foro,PSB
Gigazoom,1965,Hà Đông,9620,Ashli Heppner,PNF
Yacero,1964,Karangpari,74894,Garrott Lambart,BK
Kwinu,1862,Hongguang,21458,Vance Titcombe,NEOG
Shuffletag,1992,Dengzishan,62539,Gannie Nash,PF
Devcast,1942,Manay,28851,Jean Greedyer,FRC^D
Eayo,1907,Lazaro Cardenas,6041,Spike Stollery,FRBK
Realfire,1858,Albacete,65626,Willow Gorry,SRNE
Zooxo,1804,Khorinsk,48973,Udall Rattenberie,FBNC
Gabvine,1855,Sridadi,57004,Barbara Sidwell,LILA
Skipfire,1904,Paranavaí,19214,Bernadette Gossart,BIOC
Photobug,1911,Weishan,4865,Braden Sperling,BOMN
Jetpulse,1893,Tagakpan,77975,Vivyan Grabiec,PRFZ
Midel,1923,Tawangsari,60536,Cornelle Bowcock,NLST
Ainyx,1908,Shuangshi,93501,Elfreda Woodford,USCR
Riffwire,1863,Novi Karlovci,77804,Ginger Sey,APDN
Aimbo,1817,Toumodi,88114,Jill Haddeston,FNSR
Gevee,1991,Uliastay,49933,Lexi Milam,CADE
Meemm,2011,Duifang,93816,Othilia Loughren,PYDS
Dabfeed,1848,Bagalangit,20604,Sherri Bedford,EVGN
Skajo,1831,Reinaldes,15803,Lizzie Habeshaw,GAIA
Flashspan,1903,Liuzikou,18922,Rosalind Sincock,Z
Skivee,1959,Quán Hành,87416,Barnabe McClosh,LGCYO
Trilia,2017,Suka Makmue,15178,Jerome Paeckmeyer,GNTX
Youtags,1886,Semenivka,97461,Amy Flecknell,ZBIO
Skinix,1855,Tamahú,35121,Sherman Grace,SNAK
Demimbu,1869,Tirlyanskiy,299,Tanitansy Jedrych,CHCI
Janyx,1976,Gujō,49847,Lenna Mathen,SOXX
Mita,1950,Wujingfu,67271,Rosco Giuron,TSLA
Vimbo,2009,Phú Lộc,60232,Kalindi Rathbourne,MNOV
Blogtags,1973,Entebbe,32964,Audrie Hatchard,ASFI
Roombo,1945,Hengshan,55804,Prentice Rosser,ZYME
Devbug,1894,Apalit,87625,Patrizius Anniwell,IBM
Devpoint,1904,Zhuangbian,63230,Daniela Tallyn,BRFS
Katz,2018,Talok,56399,Jilli Hembrow,VUZI
Meejo,1850,Lianhe,35989,Matilda Whiley,TISA
Oyondu,1907,Jianggang,5149,Valenka Diddams,ODP
Linkbridge,1976,Trenton,71333,Shalne Schneidau,KFY
Centidel,1876,Jataí,39653,Benjie Clother,ADRE
Flipstorm,1838,Ushibuka,93718,Nancie Exton,CRZO
Quinu,1985,Rado,91854,Reggie Peron,CB
Youspan,1815,Temenggungan,88707,Teodor Chamberlen,OTTR
Tagpad,1954,Teculután,32407,Marieann Stainfield,SU
Kazu,2007,Delok,32649,Trista Cunney,HURN
Blognation,1930,Kuala Terengganu,21836,Malva Carlisle,TLI
Tambee,1817,Pryamitsyno,26275,Ramsey Choke,CMCT
Agivu,1867,Nganane,4862,Tomas Button,BSAC
JumpXS,1993,Ribeiro,24981,Janice Fellman,CASY
Thoughtbeat,1828,Sơn Tịnh,78668,Dicky Turfus,FARO
Rhynyx,1814,Thị Trấn Bắc Hà,21441,Nicolais MacSkeagan,RNR^C
Yoveo,1939,Casal Galego,56037,Jefferson McAtamney,USNA
Thoughtbeat,2012,Panyambungan,52242,Myra MacKill,GCBC
Gigaclub,1908,Río Guayabal de Yateras,63726,Lauraine Mergue,COH
Tagopia,1910,Zvenyhorodka,74452,Jessalyn Tarling,ISRG
Twitterlist,1959,Kalino,37373,Adey Abbe,MLVF
Oyondu,1892,Sapphaya,24645,Sarina Barton,TBPH
Ntag,2022,Tōkamachi,2936,Nanete Bedford,GSK
Blogtags,1899,Ares Tengah,69549,Cort Servante,PCI
Browsezoom,1925,Itaboraí,97883,Christiana Mergue,ACC
Skinder,1889,Rawa,2300,Whitney Faers,CINF
Realcube,1847,Nowe Brzesko,65543,Doria Farquarson,DMB
Muxo,1859,La Guadalupe,24838,Candace Windsor,MMS
Gabtype,1809,Kelasuri,39557,William Cudbird,NM^G
Leexo,1803,Xiaping,38889,Halli Edison,COVS
Gigabox,1836,Lapa do Lobo,58990,Arnoldo Leneve,NRT
Voomm,1873,Beibao,41240,Collie Karim,DLNG^A
Dynabox,1852,Zhaojia,57267,Wallie Thurlbeck,ALIM
Edgeify,1920,Amagbagan,4081,Tori Darragon,MSCA
Oba,1925,Sukamahi Satu,33555,Vernen Malthouse,TIL
Kazio,1975,Kariya,28657,Lindsey Bolles,REV
Thoughtbridge,1973,Dobra,78880,Ronnica Avann,AIB
Jamia,1827,Ludvika,35180,Cati Oldroyd,SOXX
Aimbu,1810,Huangtan,79312,Letty Verrillo,COHR
JumpXS,1817,Priiskovyy,65835,Denis Siberry,MIN
Wikivu,1800,Bal’shavik,44200,Harp Woodcock,DCUD
Jabbersphere,1872,Mrzezino,57232,Penny Eke,CSTE
Skiba,1915,Gunajaya,11851,Jolee Brookton,CART
Zoovu,1971,Panyuran,63852,West Frostdicke,MTRN
Shufflebeat,1857,San Marcelino,82353,Gradey Welfair,FNY
Meeveo,1895,Grytviken,77997,Rudie Gullberg,VALE.P
Realblab,1974,Katwijk,9252,Bone Iremonger,AMGN
Skinix,1864,Ranot,35079,Agnes Coughan,GOOG
Shufflester,1935,Połajewo,78260,Brody Springle,CERU
Agimba,1912,Boñgalon,4935,Bette-ann Billinge,AMAG
Linkbridge,1844,Ciorescu,187,Teodoro Dahlgren,CHT
Livepath,1992,Guilherand-Granges,91859,Dory Currin,NGHCN
Photolist,1965,Batumi,61311,Staci Malam,EAGLW
Tagcat,1824,Jejkowice,56692,Jessie Putson,SAEX
Livetube,1985,Huangxikou,52363,Dolores Geldard,UDBI
Jaxnation,1937,Žlutice,37423,Barnaby Di Domenico,GLOP
Flipstorm,1959,Emiliano Zapata,3360,Wynne Metheringham,SSD
Riffpedia,1891,Karadaglije,15554,Tyrone O'Gorman,MVC
Fadeo,1804,Kohlu,50721,Pru Elion,CLACW
Oloo,1958,Chengmen,6797,Fitzgerald Braban,GSL^B
Rhyloo,1814,Miyazu,54968,Forest Westwater,ACSF
Vipe,1982,Hudson Bay,69911,Flemming Priddis,ARDC
Quire,1973,Masḩah,45446,Alisha Sparsholt,GAB^D
Bluejam,1901,La Mesa,88611,Karoly Songust,FUND
Tagchat,2016,Sindangsari,65025,Rivi Lewson,CVE
Gevee,1962,Mehtar Lām,90299,Georgia Stoad,MQY
Edgeblab,2022,Nagornyy,1698,Sharla McCarrick,CXSE
Jabbertype,1861,Gongchang Zhen,74592,Rogerio Bradnam,PHX
Gigabox,1904,Bukama,4388,Calypso Monnelly,MCI
Divavu,1949,Sokolov,68518,Codi Romanet,CLDC
Oyoloo,1904,Söderhamn,69067,Kermit Hightown,JE^A
Meezzy,1973,Żarki,66368,Nanci Streak,TRGP
Kanoodle,1897,Yur’yev-Pol’skiy,97145,Nilson Casaroli,OLD
Skinder,1940,Xamba,12031,Sophi Littleton,CMRE^B
Devbug,1908,Frutal,20394,Linzy Schulkins,ADRD
Youspan,1866,Palangan,71191,Storm Meddemmen,VONG
Mydeo,1961,Melbourne,46328,Koressa Kennifick,ALSK
Buzzshare,1944,Sidirókastro,56804,Daphene MacCurlye,BPTH
Photobean,1874,San Mateo,31517,Earl Jackett,PM
Tazz,1972,Gorelovo,98870,Gussy Bannester,MSDIW
Kare,2010,Iwonicz-Zdrój,33665,Purcell Thomlinson,CERU
Eimbee,1841,Jiufang,68310,Cord Baldcock,WFT
Livepath,1859,Luleå,98106,Murielle Summerlie,RCL
Fatz,1866,Valladolid,69696,Noah Goneau,TTD
Skilith,1849,Palmerston North,44723,Teressa Stockdale,TWNK
Skinte,1995,Býšť,63999,Sam Mackneis,BCTF
Tanoodle,1882,Pazin,4488,Griffie Plet,PBIB
Skinix,1804,Vityazevo,91055,Matty Cockley,RAS^C
Eimbee,1922,Dongsheng,10108,Quentin Prestie,MOBL
Zoomcast,1850,Timurjaya,38342,Decca Balfe,CDE
Skidoo,1923,Borova,660,Olga Oddy,HZO
Trupe,1967,El Peñón,4072,Waldemar Farlow,ENT
Brightdog,1902,Huangjindong,65411,Twila Beernt,CPB
Lazzy,1827,Anding,95048,Shanon Kensy,DX^B
Oyondu,1901,Argungu,75503,Gannie Keets,GOVNI
Feedfish,1921,Tenja,53182,Allan Sibyllina,UEIC
Ozu,1819,Dungon,58909,Lavina Lubomirski,TPX
Avaveo,1843,Tríkala,15409,Hector Dowty,UNFI
Jaxworks,2014,Valle San Francisco,93865,Baldwin MacGinley,SCE^J
Wikizz,1909,Gourma Rharous,36428,Ruthanne Stainer,GS^C
Kwideo,1839,Wielka Nieszawka,78555,Raff Ianniello,ANH^C
Gabvine,2022,Ageoshimo,58610,Valina Lehrer,EAGL
Fivespan,1865,Ishkhoy-Yurt,29102,Zorana Leggatt,CAKE
Divanoodle,1824,Köping,43530,Mala Dany,CASH
Avamba,1891,Brušperk,9003,Gawain Shorie,KTOV
Gigazoom,1975,Takeo,83297,Jodi Kidson,GPI
Vipe,1865,Fufang,93189,Erny O'Crigan,PAACR
Yombu,1819,Miaoling,72021,Beatrisa Whittingham,FCE.A
Dynazzy,1837,Sabnie,92097,Peria Yeldham,BIT
Pixonyx,1974,Meishan,61494,Ollie Setterington,ARRS
Pixope,1917,Vodnjan,58632,Gregory Hallyburton,DYN
Vimbo,2008,Deauville,25983,Janifer Tenwick,EMR
Youspan,1976,Yoshikawa,21998,Clevey Scarborough,EE
Buzzdog,1856,Lidian,83571,Doris Hebditch,PNBK
Aibox,1836,Cikawunggading,44477,Johnath Rosevear,USB^A
Twiyo,1871,Bảo Lộc,41977,Blondie Stubley,WSTG
Quaxo,1914,Ngluwuk,82791,Nathanial Summerly,NS
Yacero,2005,Botou,22616,Blanch Grossman,MED
Thoughtbridge,1949,Dadong’ao,71681,Oralla Mainz,SDLP
Skyble,1985,Kuwait City,96697,Fayina Devigne,CHEF
Rhycero,1970,São Pedro,30650,Celisse Overall,NCR
Vimbo,1869,Kasingan,13627,Wilmer Gibbins,ASMB
Dynabox,1857,Tabālah,26002,Guglielmo Trousdell,DSX^B
Reallinks,1844,Vsevolozhsk,80013,Jessalyn Notman,FIZZ
Eimbee,2003,Khamyāb,9585,Elisabetta Luckhurst,WBS
Quatz,1878,Danilov,5955,Nate Gosneye,MSFG
Buzzdog,1916,Norrköping,44356,Ephrem Hatterslay,HUNTU
Shufflester,1980,San Jose,49055,Juline Petriello,IAE
Katz,1937,Lolak,61915,Sergei McSkin,CMG
Zoomdog,1937,Gondar,38054,Mandel Pruckner,NEE^H
Roombo,1833,Thị Trấn Thất Khê,37246,Carena Feaveryear,GJP
Wordify,1952,Kamuli,37848,Joelle Fancett,WHG
Agimba,1879,Tinampo,5642,Lorri Scouse,KIN
Thoughtsphere,1884,Vale de Vila,70312,Rockey Candy,CME
Trudoo,1948,Kokagax,93461,Patrica Glashby,ESND
Demimbu,1917,Caxito,81769,Teodorico Schurcke,BATRK
Feednation,1980,Selasari,92798,Charo Harriss,TWMC
Twitterworks,1861,Haoba,46659,Aluin Pietrzyk,BOKFL
Voomm,1902,Dananyu,88550,Ferrel O Sullivan,TEO
Skajo,1904,Citampian,92496,Lacee Baldetti,SBGL
Vidoo,1988,Ḩarf al Musaytirah,19110,Olimpia Garretts,CUBI^E
Blognation,1923,Ballisodare,12928,Aliza Dominguez,NBR
Yamia,1977,Lebak,77697,Imelda Tran,CPAA
Kanoodle,1951,Makiv,1003,Marybelle Turri,WVVIP
Ntags,1915,Telsen,22769,Rodolph Gavin,ORG
Thoughtstorm,1961,Chengtang,47677,Zandra Snawdon,CHEK
Dabjam,1940,Mabay,9379,Sherlock Larmuth,NTEC
Thoughtworks,2006,Krajan Pangkah Kulon,6000,Matt Croucher,AAAP
Devcast,1900,Sunjia Buzi,14268,Kaitlyn Sillis,DL
Twiyo,1894,Darnah,85050,Joyann Lancastle,GOODP
Dynava,1888,Coyaima,54843,Brynna Corbet,AERI
Quimm,1958,Murom,68190,Zondra Blunderfield,SRE
Izio,1954,Pajala,32708,Georgeanne McCraine,TWOU
Bluejam,1913,Huaqiao,18547,Cullie Rickardsson,WOW
Jabbersphere,1805,Pinsk,42996,Lynnea Dunton,BBH
Avamm,1984,Islamey,24640,Hayden Onslow,MESO
Voolith,1880,Jianping,92616,Ike Andrus,XON
Gigashots,1978,Tbilisskaya,87016,Anthony Compfort,OB
Babbleblab,1837,Kopstal,89344,Lauralee Pithie,CFCOW
Brainsphere,1910,Xinó Neró,78889,Eloisa Ropcke,AEHR
Voomm,1939,Shenji,72530,Saunderson McKeighen,GTN.A
Thoughtblab,1846,Donnycarney,38813,Anton Riddel,YHOO
Blogpad,1815,Cigembong,43019,Ashbey Castagnier,NAKD
Brightdog,2006,Mata-Utu,66257,Katleen Drinkale,NNA
Oyonder,1989,Buliwao,20547,Rosalyn Wragge,VNET
Twiyo,1825,Mafang,74443,Jon McCorrie,WSTG
Riffpedia,1850,Luofang,33676,Darnell Peel,UBP
BlogXS,1869,Kálymnos,74274,Isidora Allen,RBC
Trudoo,1939,Amucao,65899,Dean Scarffe,BANC^E
Jaxbean,1847,Quchomo,38728,Georgena Braley,RBCAA
Quaxo,2001,Kojagete,49680,Gage Schimpke,BITA
Meedoo,1894,Hörby,98635,Mellicent Maughan,PSCT
Gigashots,1895,Lijia,79838,Robinson Vasiljevic,SGRY
Jabbertype,1814,Jiaocha,51909,Noelle Cremen,PSTG
Oba,1838,Capiíbary,3749,Winona Ogbourne,AER
Kwimbee,2018,Timurjaya,44873,Fabe Cracie,VOD
Cogidoo,1865,Salavan,36028,Uriah Day,FSFR
Dabshots,1884,Sukamaju,37303,Katti Karpe,MHNC
Flipbug,1887,Gierłoż,38585,Melantha Cay,PFBI
Avavee,1906,Qigzhi,47486,Cornell Nesbit,AIMT
Yombu,1804,Fovissste,58882,Licha Simunek,FGBI
Youspan,1985,Panite,72876,Koressa Humberston,GRC
Pixonyx,1827,Mercaderes,76178,Moshe Hayhoe,MFC
Devpoint,1816,Villa Hayes,34888,Sheba Casaccio,STB
Yodo,2021,Bayantal,88082,Brett Cammell,PHK
Photobug,1845,Icononzo,95754,Gregor Spickett,JPM.WS
Zoomcast,2006,Xinjiezi,10315,Pepito Lensch,FLEX
Thoughtbridge,1895,Zaqatala,2275,Pernell Espinoy,KBWB
Edgeblab,1874,Sukodono,94793,Cazzie Bowmaker,GAINN
Jamia,2011,Okigwi,62928,Gaylene Sherel,RSO^A
Abatz,2014,Boronów,24945,Meagan McRobbie,CATB
Trunyx,2009,Bergen,96891,Dominga Griffen,AGYS
Blogtags,1832,Los Angeles,65024,Krystalle Stracey,NXRT
Yombu,1925,Sacramento,13772,Powell McKissack,ITEK
Jaxworks,1992,Kobrinskoye,76021,Wolfie Lackington,XPER
Flashpoint,1877,Spirit River,51217,Foster Gudde,HXL
Janyx,1890,Souto da Costa,55291,Antonio Penman,FOR
Blogspan,1838,Punta Hermosa,75864,Julieta Deboy,NVDQ
Rhycero,1875,Caen,20358,Yasmeen Wildt,LPTX
Voolith,1915,Op,18971,Aleda Iveagh,LILAK
Browsedrive,1997,Alarobia,10383,Geneva Decroix,DMTX
Tanoodle,1988,Alexandroúpoli,82843,Rancell Ambrogini,PMF
Jabberstorm,1918,Famatina,55752,Agathe Josefer,TORM          
Livetube,1942,Ad Dujayl,21144,Lacee Dansken,MOD
Camido,2009,Xiayang,54150,Virgil Hagwood,MOBL
Flashdog,1816,Pasarbaru,29658,Robin Tinkler,FUL
Snaptags,1834,Kanáli,92001,Sonnie Aldine,PLYA
Realbuzz,1965,Areguá,98282,Weidar Clemanceau,TLRD
Twiyo,1996,Cergy-Pontoise,65371,Sydney Kember,HZO
Linkbridge,1949,Huayuanli,5518,Crawford Brumfitt,CHI
Browsedrive,1883,Luka nad Jihlavou,34267,Murielle Falconbridge,MANT
Thoughtstorm,2015,Shanhou,27472,Davine McCleary,MIN
Jayo,1989,El Paso,61919,Goddart Skakunas,CPRT
Kaymbo,1846,Yirga ‘Alem,18180,Bella Lease,CUR
Rhyzio,1895,Siak Sri Indrapura,12081,Adena Marsy,AVAV
Twitterwire,1928,Thị Trấn Quảng Uyên,36334,Nonah Chanders,KRA
Pixoboo,2013,Oklahoma City,78433,Loutitia Fechnie,CZZ
Ooba,1856,Berat,57762,Sargent Doyley,EMN
Thoughtblab,1964,Tall Salḩab,61285,Lorry Surmon,DCTH
Thoughtstorm,1851,Gobang,70148,Simone Lassey,TCCB
Cogilith,1953,Semey,18112,Coriss Scrivenor,SUN
BlogXS,1869,Popasna,82982,Addie Innott,FAM
Bubblebox,1846,La Unión,58731,Adelaide Affleck,PINC
Feedspan,1893,Funza,74616,Fabio Benyan,PCTY
Livepath,1880,Orange Walk,45150,Hunfredo Berthod,PRH
Fivechat,1808,Ghayl Bā Wazīr,56321,Chrysler Sandaver,UTX
Topdrive,1816,Haugesund,79714,Carlyle Coorington,GIM
Skajo,1807,Xiashitai,70374,Lusa Cockton,BPOP
Zoozzy,1930,Al Miftāḩ,83719,Arlen Skeats,CFCO
Jaloo,1987,Creil,59267,Patric Waldron,BBRY
Meemm,1975,Laslovo,17042,Onfre Grigoriev,GCAP
Divanoodle,1920,Lengkongbarang,20330,Bobina Pattillo,NATR
Trilia,1841,La Tebaida,91227,Fern Schwartz,ASR
Oyondu,2010,Lian’an,17016,Kendricks Gaze,EUFN
Oyonder,1828,Banjar Dauhpura,38967,Gene Haughin,SMIT
Livetube,1894,Novyy Svit,18242,Katusha Dionsetti,QUAD
Voonte,1989,Longos,29006,Ortensia Hyder,AEK
Eidel,1932,Shinyanga,68006,Ferne Grebner,GALT
Browsezoom,1945,Kamo,78802,Adelle Rockcliff,CHW
Flashspan,1959,Cikajang,43722,Frasquito Guiducci,PYT
Centizu,1972,Växjö,32005,Lara Hellwig,FMBI
Browsebug,2010,Oslo,12624,Tallulah Martensen,ITEQ
Minyx,1956,Trzcinica,24972,Hurley Darrington,VTRB
Youfeed,1884,Sidi Bousber,44451,Earlie Clemente,HABT
Aibox,1848,Uthal,19413,Robinson Byrom,BGT
Fadeo,1853,Zgornje Pirniče,52492,Chaddie Avis,DTQ
Linkbridge,1965,Falköping,83855,Ilyse Korn,WM
Quinu,1951,Yampil’,83565,Esme Neath,NFLX
Quatz,1961,Szczawno-Zdrój,12114,Hammad Garahan,ADP
Viva,1888,Claremorris,6494,Gaspar Epelett,PBI^B
Fadeo,1981,Fëdorovskoye,89788,Aluin Kidgell,KMB
Skimia,2020,Beroroha,54585,Carissa Kike,MXE
Zoomzone,1850,Virojoki,93125,Jeffry Drynan,BORN
Trudoo,1932,Tucupido,25169,Aurie Mathers,OMCL
Tazzy,1818,Hamburg,24136,Robby Zimmer,BVN
Linklinks,1889,Jinguoping,42454,Isabella Patient,AEE
Twimm,1896,Tarakan,38922,Addie Taunton.,NEWM
Jetwire,1805,Ganta,95953,Leontyne Chown,AAV
Yodel,1881,Luofang,82367,Claudio Cordelette,HYXE
Digitube,1832,Xingdian,66216,Arden Dalli,NSC
Fivebridge,1923,Tangub,39515,Hyacinthie Kearns,TR
Flashpoint,1919,Río Gallegos,16350,Helen-elizabeth Rasmus,SBNY
Zava,1910,Mielec,93798,Alain Lowndsborough,ANH^B
Brightbean,1969,La Unión,15513,Vanya Scarf,PSCU
Roombo,1979,Semampir,65412,Welsh Pfiffer,GBAB
Fivechat,1906,Chuantang,70451,Cirilo Swanston,VIVO
Kazio,1974,Matam,81705,Car Durtnall,CMPR
Yoveo,2005,Czarków,94670,Sindee Neilands,CALA
Linkbuzz,1924,Kabaty,97119,Nissy Beatson,PAYX
Skiba,1815,Myhiya,58466,Darrin Etherington,GLUU
Meemm,1824,Houjie,12358,Idelle Hartington,BTT
Shuffletag,2005,Esuk Oron,96814,Tibold Willcott,SNCR
Tagcat,1930,Kass Wollof,30703,Angelia Sollett,HABT
Livepath,2021,Bengtsfors,39472,Gabriellia Haack,HOTRW
InnoZ,2016,Banatsko Karađorđevo,61067,Dana Ceyssen,NSM
Skinix,1861,Vrbovec,62817,Agnella Tales,PSTG
Mydo,1886,Guangfu,50445,Winonah Elks,ALDR
Leexo,1813,Anping,90598,Trista Souness,KMI
Miboo,1873,Gostyń,24243,Maryl Huton,POWL
Topicblab,2020,Zhalinghu,36197,Beryle Stephens,INDY
Voomm,1958,Buenaventura,60349,Margaretha Sawers,GGB
Vipe,1868,Zhoujia,90649,Mill Guppy,CMS^B
Vinder,1941,Gremyachinsk,74574,Lev Dickey,ARR^A
Katz,2004,Betulia,65731,Nerty Dobbinson,AVT
Miboo,2016,Sobontoro,96689,Leonidas Brogini,HGV
Skyvu,1943,Chinch'ŏn,54789,Mariya Dunnico,JTPY
Mita,1935,Peranap,26181,Adrien Litel,LINDW
Youspan,1975,Longmen,93417,Skylar Francois,SVU
Midel,1882,Taghazout,75531,Kain Scudders,CPLP
Photofeed,1867,Indianapolis,78297,Davin Baribal,PZRX
Eabox,1840,Ikaalinen,48901,Katalin Giffaut,EEFT
Feedfire,1891,Camlachie,5280,Dinnie Tombleson,FOR
Gabspot,1939,Jalal-Abad,80337,Mannie Andrioni,IVAC
Browsetype,1862,Sigetec,94034,Boothe Losano,MHK
Linkbuzz,1918,Mangero,83246,Etienne Davidovsky,BCE
Devcast,1825,Petropavlovsk,98364,Nikos Keepin,NYMTP
Tanoodle,2000,Sokol’skoye,23370,Reta Chadwick,MPV
Yakijo,1871,Rolante,60393,Vinnie Temperley,VRSN
Zoomzone,1821,Masaran,30993,Shaine Buxy,LN
Zoombeat,1934,Atins,69597,Kandy Leyban,CRAI
Teklist,1819,Lens,14234,Corrie Sheward,PXD
Jaxnation,1874,Maungatapere,43441,Wang Orpwood,CHUBK
Devcast,2020,Sierpc,97334,Filberte Slatten,OKTA
Gigaclub,1960,Bunisari,36147,Rena Hoppner,CLIR
Chatterpoint,1855,Skolkovo,78146,Tessa Marikhin,PBR
Flipbug,1851,Hanting,27023,Gunar Grinsted,DOOR
Edgeclub,1930,Nová Paka,69464,Fitzgerald Wolstencroft,MGRC
Chatterpoint,1916,Nuamuzi,14071,Bay Luard,FUN
Meetz,1808,Maromitsa,7150,Gilemette Rizzelli,WAFD
Youbridge,1894,Lanas,63607,Dita Camelli,AKS
Blogpad,2022,Gurung,87725,Julie Mor,AAL
Jabberstorm,1997,Pasadena,69890,Cullan Cristofaro,SWFT
Nlounge,1840,Villa Ángela,77086,Russell Powlesland,GD
Trilith,1969,Płock,92477,Arlene Babar,DUK
Linktype,1883,Žamberk,42945,Westbrook Cordingly,CYTK
Yodo,1955,Lyon,30892,Gilli Capnerhurst,LTEA
Linktype,1855,Una,3469,Franchot Henryson,MON
Roombo,1806,Jingyang,89085,Terza Yakubov,NRCIB
Feedmix,1818,Huangtang,88687,Terrill Roma,CMCT
Dablist,1936,Tarxien,88841,Flint Stansbie,BASI
Plambee,1813,Dzerzhinsk,72071,Sully Berget,ARCH
Flipstorm,1834,Kaburon,66028,Zia Cranidge,PCTY
Mynte,1802,Namyangju,22280,Leelah Petrashov,VRNS
Jabbersphere,1995,Haukipudas,6871,Zia O'Luney,SSNT
Plajo,1800,Babo-Pangulo,21425,Andra Robison,CDZI
Fivespan,1968,Buenavista,69812,Guillema Widger,TGI
Meemm,1993,Bakersfield,77928,Austin Humberstone,GWRE
Avamm,1892,Port Glaud,34768,Dory Brock,GOV
Tazz,1866,Sainte-Martine,9696,Barbi Cowland,DSX^B
Centizu,1944,Abbottābād,74182,Danny Beels,AMOV
Quire,1846,Wako,31678,Calypso Ferriere,EEX
Fanoodle,1860,Jaroměřice nad Rokytnou,54740,Iosep Scathard,MIC
Pixonyx,1877,Dazhipo,48397,Constantia Kynaston,PBSK
Oyoba,1946,Sumy,77260,Kristo Silcox,HRS
Viva,1818,General Emilio Aguinaldo,51259,Aurea Budd,AMNB
Skyba,1847,Rochefort,49778,Town Baggaley,BAC^A
Kare,1865,Tianmuhu,18412,Gabie Sarver,WY
Realmix,1971,Tuanfeng,39488,Harlie Duffill,MFT
Topiclounge,2019,Fiães,5148,Pet Incogna,CVV
Meevee,1804,Adani,48797,Gianni Ansteys,CLNS^I
Bubblebox,1954,Douentza,4282,Issy Nial,MCEP
Edgewire,1806,Adassil,11959,Sibeal Hellikes,PFK
Mita,1917,Yingzhou,11946,Keelby Iori,STRS
Kwimbee,1897,Chełmiec,74709,Nesta Ambrois,MTL^
Trilia,1913,Huangjingba,6500,Roz Blesdill,RQI
Aimbu,1928,Údlice,48647,Mirella Berendsen,SVRA
Flipstorm,1854,Gaoxu,10138,Benito Rousel,FDP
Buzzshare,1880,Campechuela,32857,Rheba McManamen,LMNX
Gabcube,1807,Kayima,37718,Benedict Streeton,EMF
Riffpedia,1883,Marisol,19012,Gino McCrachen,GENC
Jaxbean,1965,Hilversum,91834,Otis Hayhoe,CUBE
Rhybox,1859,Vasilikón,16097,Reggie Marchant,NK
Meemm,1926,Santa María Chiquimula,15038,Yelena Sturr,PBHC
Vinte,1814,Nova Viçosa,57156,Laureen Parcell,WWW
Dabfeed,1968,Huishi,44243,Cord Earry,PRE^F
Dabshots,1908,El Benque,30858,Brita Westmacott,STK
Zoonder,1891,Drásov,42363,Atlante Fotherby,SCHW^B
Wordpedia,1915,Zafar,10640,Beatrisa Bartel,PLSE
Jaxworks,1974,Wenjiao,29203,Darby Denver,STRM
Oodoo,1899,Verkhnyaya Belka,69480,Barnabe Edler,AMH^C
Kwimbee,1837,Jackson,30494,Tillie Bennion,IXYS
Feedfire,2011,Gonbad-e Kāvūs,38988,Ilise Ransome,AGNCP
Linkbuzz,1920,Mugala,54846,Benedikta Breslin,ENFC
Realcube,1923,Sipocot,95672,Julina Spondley,CNTF
Meetz,1846,Vereshchagino,99826,Barry Dennett,SIRI
Dabfeed,1839,Itatinga,74774,Christine Penkman,FLIC
Yata,1813,Angered,7437,Galvan Gorelli,CEVA
Roombo,1886,Ongkharak,7836,Dode McEntegart,ASR
Zoozzy,1880,Isehara,90878,Lynne Chander,SRC
Kwilith,1814,Ngembak,23483,Abramo Ksandra,SCE^J
Quimm,1992,Fucheng,16241,Florian Le Noury,RTTR
Minyx,2005,Troyes,68544,Merle Paudin,MCRN
Cogibox,1809,Pandian,82624,Maia McGlaud,CSB
Jaxworks,2001,Yanjiang,66302,Nero De Freyne,CAFD
Jaxbean,2011,Gwanda,38484,Carmon Boame,FPF
Podcat,1815,Zunilito,69278,Bethina Brisbane,VRTS
Yoveo,1983,Miaoqian,65251,Randee Persence,HFC
Chatterbridge,1938,Shangzhuang,13594,Durante Spofforth,GSIT
Yodo,1835,Jabungsisir,64206,Jaquelyn Bloys,MMU
Quaxo,1987,Malczyce,23129,Patin Carlens,GIB
Brainlounge,1879,Beitan,67595,Mabel Mains,SIEN
JumpXS,1918,Lago da Pedra,10362,Tamara Yockney,IONS
Skyvu,1851,Seia,20119,Jim Wevell,RNST
Yozio,1972,Bol’shoy Kamen’,47151,Lindsay Cawthery,EXLS
Mynte,1878,Kerrouchen,63897,D'arcy Rugieri,DGLY
Gigashots,1921,Ciriri,7629,Josefina Bough,MLI
Rhycero,1807,Pustomyty,47150,Corri Scoon,VOXX
Agimba,1894,Shuangta,34209,Adelice OIlier,CUDA
Gabspot,1840,Gudja,1315,Connie Skentelbury,INSY
Meevee,2020,Ila Orangun,17647,Frankie Tesh,CME
Brainbox,1898,Monjas,12956,Roderick Orbell,IPGP
Tagopia,1984,General San Martín,59928,Tatiania Liddell,LVNTA
Bluezoom,1901,Lianghe,6456,Celesta Lulham,PDI
Feednation,1852,Lambangan Kulon,5479,Mimi todor,RAVN
Realbridge,1821,Bangkok,790,Mac Faughey,NXTD
Photojam,1973,Louveira,83468,Darb Seyler,AMH^B
Quatz,1921,Jibu Hulangtu,202,Elden MacDunleavy,HR
Pixonyx,1943,Akhaldaba,64585,Helena Spennock,FORK
Jabbersphere,1989,Huanshan,64135,Bernhard Manchett,TRPX
Yakijo,1803,Digne-les-Bains,63360,Natty Liptrot,CIGI
Rhybox,1805,Dante Delgado,16378,Rhea Cashley,BNY
Meeveo,1853,Yanggu’ao,60662,Jacqueline Salvati,BIG
Meejo,1872,Nanling,99639,Ellene Ping,SNHNI
Wikivu,1982,Paobulan,38015,Cyndy Grute,ONCS
Blogspan,1955,Lumphăt,23950,Hilda Craigmile,EQBK
Linklinks,1825,Hongtian,28194,Ardyth Cuncarr,CPHC
Kanoodle,2010,Kolchikón,27498,Hewet Yeardsley,ENIA
Mycat,2011,Hongqiao,53033,Melonie Byrd,GIM
Katz,1800,Hubynykha,80304,Gwenni Howes,PANW
Quaxo,1924,Carleton-sur-Mer,54688,Nichols MacSorley,EFSC
Blognation,1800,Talisay,45333,Lezlie Ort,WSM
Wikivu,1908,Cankova,87922,Dyane Thame,LEDS
Riffpedia,1830,Bujaków,87216,Ardelia Cust,KW
Geba,1845,Raposos,38187,Deanne Idell,IAG
Mudo,1961,Shengmi,4165,Saidee Lauret,URI
Wikizz,1820,Mulawato,50764,Clare Redfern,YNDX
Thoughtbridge,1923,Seixo de Manhoses,41022,Boot Robberts,GEC
Minyx,1898,Hudong,67876,Heriberto Candish,JE
Flashdog,1826,Jiaogong,61360,Wanids Sulland,BAC.WS.B
Thoughtstorm,1849,Mainit,6565,Giulia Pople,IVR
Snaptags,1818,Záhorovice,52789,Rayner McCambridge,TCBIP
Zoomcast,1889,Russas,15913,Lanita Baldock,HOLX
Dabvine,2009,Stegna,40038,Randee Teare,AINV
Wordtune,1975,Boro,30373,Boycey Videneev,APO
Oyoyo,1984,Samālūţ,8942,Jae Jandl,BMRC
Pixope,1920,Carlos Tejedor,7975,Eduino Crotty,TRNO
Miboo,1810,Zlatni Pyasatsi,62016,Smitty Matevushev,SHLO
Wordtune,1861,Vinha,30003,Bibbie Hannan,ATR
Jayo,1815,Tsagaan-Olom,17948,Shanie Eckh,TZOO
Topdrive,1920,Sigou,52214,Vincents Jeffcock,OEC
Thoughtblab,1871,Buliu,69610,Franciska McGlue,ASR
Blognation,1871,Oleksandriya,68642,Renell Stoyle,DYN.WS
Digitube,1878,El Jícaro,58897,Brendin Muller,POL
Muxo,1845,Kyurdarmir,28111,Johna Anney,PCMI
Trilia,1859,Poncokusumo,2624,Neille Alesbrook,EBF
Gabspot,1994,Isdalstø,79530,Muffin Bertomier,LRN
Vimbo,1808,Ðà Lạt,32905,Jolyn Liveing,AAT
Linktype,1896,Bassar,68708,Vite Minillo,WIN
InnoZ,2005,Dukhovnitskoye,34953,Sloane Lofty,CMFN
Blognation,1959,João Pessoa,91960,Beverie Chern,BML^H
Snaptags,1854,Taizhou,59026,Alecia Revett,FGEN
Mynte,1904,Ust’-Dzheguta,22216,Ddene Nagle,MICT
Yakijo,1826,Sukadana,68601,Aubrie Gimson,PCYO
Reallinks,1918,Mosteiró,76618,Marcela Gori,ZG
Wordtune,1940,Vroutek,55587,Loralee McVeigh,TRIL
Tagchat,1988,Keyinhe,30314,Minni Fronsek,OFC
Voonder,1931,Kamennogorsk,28380,Beitris Dodd,AHPA
Flipstorm,1847,Punta de Piedra,47740,Drusi Britten,T
Agimba,1971,Skorogoszcz,16065,Lorry Antoni,SGLB
Aimbo,1824,Wushan,17014,Marnia Scroggie,GPACW
Meevee,1916,Orhei,9775,Jammie Duran,UMPQ
Feedbug,1900,Parychy,21815,Christoffer Bayly,JILL
Myworks,1871,Ak’ordat,66209,Sean Kill,LXFT
Eare,2011,Cill Airne,71909,Jeni Paulsen,PN
Skimia,1987,Yidu,30325,Appolonia Nann,DXTR
Cogidoo,1982,Cihua,42612,Tallulah Franiak,GG
Snaptags,2012,Tarvasjoki,53199,Mariejeanne Sanger,DSE
Wordtune,1898,Massenya,58596,Delora Warmington,ABAC
Rhybox,1951,Anping,7180,Tomkin Scroxton,ASR
Browsedrive,1915,Inowrocław,35318,Jareb Headon,LFVN
Roombo,1868,Campbellton,20500,Lanie Dorn,KOF
Jayo,1908,Banjar Sebual,41235,Blondie Brownsea,DRH
Mynte,1973,Estelí,29470,Bliss Tudball,CUR
Twitterbridge,1841,Sintung Timur,33893,Helge Middleditch,OA
Yacero,1842,Bugojno,34954,Zebulen Rhule,XRM
Thoughtsphere,1887,Baiguo,21749,Joellen Couronne,ENJ
Shufflester,1984,Empangeni,72785,Hewett Gherardelli,ATAX
Oyope,1982,Dabao’anzhen,83187,Rachele Mayou,AHT
Oba,1843,Sergeyevka,36062,Kata Sparry,WLK
Dynabox,1985,Tornio,5196,Guthrie Crocroft,IMED
Quaxo,1921,Gur’yevsk,56398,Reggie Reame,CTRP
Voonix,2014,Passos,68882,Dusty Humbell,RZA
Realcube,1964,Nyeri,12027,Poul Wandtke,ACRX
Youbridge,1893,Springfield,18490,Reinold Valerius,ACTX
Zoonoodle,1869,Ombul Barat,30298,Gilbertine Caulliere,ALEX
Brightbean,1919,Gaza,26812,Meggie Dipple,ZYNE
Meemm,1879,Balabagan,43285,Sawyere Crier,IBB
Zoomlounge,2022,Carpentras,79658,Clemence Ramalhete,APTO
Flashset,1875,Honghuatao,52755,Nadine Routh,HAYN
Meetz,1970,Alfonso,29199,Lindsy Cecchi,KSM
Ooba,1919,Charleston,56418,North Belt,TNXP
Zoomdog,1918,Talu,35101,Amanda Jellico,OLBK
Yozio,1807,Bayamo,29000,Rance Davydzenko,PAG
Innotype,1941,Yubilyeyny,53657,Edna Tayt,XBIT
Twitterwire,1907,Aix-en-Provence,89949,Kermy Madre,BGS
Jaxworks,1999,Verona,78406,Starla Zorener,FSM
Agimba,1949,Jiaoxiyakou,53328,Arlen Perrins,CPLA
Muxo,1877,Barras,22697,Farrand Gowrie,XTLB
Wordify,1899,Yokkaichi,71553,Carmon Brudenell,FRC^H
Omba,2022,Biru,71583,Patty Kewzick,THLD
Zooxo,1898,Chikushino-shi,76659,Ruttger Elgar,FCT
Wikizz,1803,Best,55068,Bourke Hancock,PSO
Trilith,2009,Djibo,13847,Elena Glander,NXEO
Zoonder,2012,Banī Walīd,37225,Angelika Shatliffe,ARW
Quaxo,1855,Pantanal,82942,Mignon Troillet,RSO^C
Mydeo,1998,Gelap,22969,Josi Passo,SBBC
Reallinks,1894,Pogonsili,57957,Raimundo Master,NXEOW
Livetube,1806,Kapuskasing,14857,Tiler Winfred,FFIC
Eire,1872,Uničov,86659,Shanda Molnar,ELGX
Kwideo,1909,Porto Velho,48223,Giovanna Tripp,GNTY
Meevee,2022,Māsāl,78917,Lanie Bengoechea,HHS
Jayo,1887,Tietê,44308,Betsy Howels,CBL
Devcast,1846,Maungatapere,61477,Charil Eaves,NEE^Q
Twimbo,1871,Gif-sur-Yvette,43625,Lorna Rizzillo,ICUI
Realcube,1958,Vygonichi,1965,Katee Blastock,GOL
Buzzbean,2021,Brzeźnica,245,Ingmar McWard,PHX
Feednation,1947,Yantai,39966,Abran Mikalski,CXO
Yotz,1980,Mantingantengah,72321,Odille Adkins,WMGIZ
Flipstorm,1866,Prado,47785,Dyna Abramcik,SNDR
Twitterwire,1849,Harar,65816,Nonah Klee,ICPT
Tagpad,1990,Lebak,71864,Jonathan Greenall,KRO
Mycat,1809,Haolin,36847,Britta Morlon,OPGN
Realpoint,1955,Xixiang,67456,Fidelia Lougheid,OIA
Tagopia,1813,San Isidro,65101,Hermon Grunnell,SBFG
Linklinks,1954,Yongchang,5520,Ronna Schoroder,IDCC
Izio,1900,Bahāwalpur,88189,Hailey Gent,DGRW
Yodo,1829,Biljača,40330,Allin Pauling,EMCF
Dynazzy,2005,Banjarwaru,77533,Jeffrey Leonard,BBRG
Chatterbridge,1838,Iza,96092,Mimi Swyre,AWP
Fadeo,1850,Kebonkalapa,75749,Berny Vasenin,LAWS
Riffpedia,2004,Lycksele,68688,Camala Breeton,PSB^T
Topicware,2009,Pinhal de Frades,38265,Kimberley Backshaw,WES
Thoughtblab,1812,El Mida,30612,Kore Sickling,BRK.A
Jaxspan,1825,Savyon,69124,Fayina Margerrison,AMTX
Quimm,1841,Ibirité,37917,Georas Trusslove,MSLI
Fliptune,1831,Ar Rubū‘,24553,Hogan Chadwin,BIOS
Meetz,2003,Guaitarilla,1834,Ranna Lamberton,RMT
Jetpulse,2004,San Francisco de la Paz,80380,Lynnet Hamlett,VRX
Zooveo,1811,Huishi,60049,Nadia Hearley,CBS
Zooxo,1801,Kilafors,25670,Cecil McCusker,RBS
Wikibox,1933,Karlstad,15514,Dot Chitty,GDV
Twinder,1891,Colomiers,42570,Perla Mizzen,BPFHW
Leexo,2004,Nueva Esperanza,28850,Corrina McGinny,PBF
Voomm,1965,Paterson,55360,Pammy Mc Meekin,DEA
Yakidoo,1948,Tarfaya,5110,Cori Huws,EXAS
Quinu,1951,Nichinan,78502,Rodrick Tipling,AINV
Oba,1990,Shufeng,56056,Giuditta Sargison,HOS
Realmix,1877,Serowe,4132,Osborne Churchlow,AHT^F
Babblestorm,1997,Kannabechō-yahiro,37288,Caz Drinkale,PAH
Twitterwire,1959,Anxiang,27437,Eugenie Mathonnet,PSDO
Riffpedia,1911,Gunungpeundeuy,66668,Herbert Imesen,ABDC
Cogilith,1986,Troitsk,83591,Reinwald Spinige,PFD
Kare,1861,Las Animas,80320,Allina Beeck,PRXL
Devshare,1972,Si’en,50658,Antone Parmer,FRPT
Jatri,1981,Masons Bay,18566,Cash Sharrier,BLIN          
Vipe,1896,Shangzhuang,76818,Bjorn Hune,MCI
Voomm,1953,Labytnangi,550,Will Dewhurst,RLJE
Youbridge,1996,Sanban,70102,Karolina Marginson,NAV^D
Shuffledrive,1986,Tillabéri,4736,De Jovicevic,BAM
Jabberstorm,1983,San Alberto,29235,Alexi Hawkshaw,PINC
Katz,1836,Horokhiv,69761,Hannie Kohrding,E
Topiclounge,1966,Nazaré,55950,Gerladina Battams,FAB
Agimba,1842,Neringa,48063,Debor Raisher,PMX
Dynava,1880,Tân Kỳ,85125,Tatum Bruyett,CTMX
Babbleset,1987,Lahad Datu,50504,Jacquie Baiden,FCBC
Aimbu,1972,Tanjung,22794,Deane Fyers,PAVM
Gigashots,1858,Tungdor,24698,Fritz Fendley,BCBP
Tanoodle,1905,Belyayevka,87030,Bonnee Botwood,SWK
Jayo,1994,Songshu,48641,Perceval Moniker,FDIV
Skippad,1993,Chengguan,34356,Ingrim Maycey,ASR
Zoovu,1999,Zhongshan,17346,Fannie Brockman,AGN^A
Vimbo,1900,Staryy Oskol,53372,Kiley Ridgeway,RDC
Brainsphere,1924,Boquira,89429,Taddeusz Chalfain,ELECW
Flipbug,1928,Contagem,93878,Beatrix Meineking,DSLV
Gigaclub,1987,Amagbagan,32440,Adan Cornfield,MIY
Photospace,1940,Nizhnyaya Maktama,88900,Fernando Sumner,FTNT
Feedspan,1809,Mandangoa,70987,Brear Rames,VONV
Fiveclub,1971,Boro Utara,53836,Gertrude Johanchon,AMRB
Wikivu,1818,Huating,82610,Chrisy Di Biagi,SRI
Digitube,1936,Yucheng,17179,Fowler McGeaney,FMBH
Trilia,2002,Velké Losiny,6280,Norrie Hindge,DXGE
Katz,1980,Písečná,25419,Ricard Blumfield,CTG
Rhyloo,1802,Maribong,38853,Kally Budleigh,SPOK
Youopia,2020,Alexandria,58435,Meggy Auten,MGF
Skaboo,1949,Pasirgaru,26519,Lyndsie Cheesman,GEL
Yata,1854,Finiq,62278,Gawen Kubacki,PFN
Realbridge,1867,Imbituba,28322,Kellen Hannen,CF
Brightbean,1947,Aygestan,88597,Sherrie Whatsize,CFR
Kwimbee,1813,Akarakar,55617,Neale Craighall,ERII
Tagtune,1865,Ziliang,819,Jamima Ducker,FF
Einti,1998,Hofors,31002,Ede Merigot,RYI
Meedoo,1925,Sarāqib,95094,Jade Gomersal,STWD
Tazzy,1918,Karipidita,68117,Orelia Caban,RYN
Eadel,1877,Simão Dias,94808,Lem Priditt,EURN
Kamba,1985,Santos Dumont,98342,Donni Ivanenko,MET^A
Wordware,1935,Los Angeles,43740,Trenna Hellen,CCK
Youfeed,1818,Yunhe,56132,Cate Burvill,FPF
Meedoo,1832,Daugai,28654,Elinor Footitt,PBYI
Skiptube,1859,Rostov-na-Donu,14279,Lacee Woolbrook,CPAH
Topiclounge,1926,Sułkowice,45381,Emanuel Lorence,BKEP
Skajo,1936,Al Wardānīn,49844,Elane Minot,CMD
Innojam,2012,Boyarka,17122,Clementius Fassbindler,JKHY
Vinder,1990,Sukamulya,85603,Durward Farlane,ASPS
Zoomzone,1842,Sai,92982,Pippy Rosenkranc,FORR
Centizu,1994,Markópoulo Oropoú,44384,Annissa Burgess,PCM
Dynabox,2021,Kotatengah,71625,Alfonso Wheway,ALGN
Teklist,1837,København,9716,Arabela Illem,LB
Eare,1818,Dalumangcob,2561,Willi Trubshawe,BBSI
Janyx,1957,Mattawa,41377,Aleta Cometto,MANT
Kwilith,2020,Bujumbura,9178,Prudi Makin,CDL
Demivee,1876,Vidin,56280,Consolata Dicey,EMCI
Einti,2008,Wu’an,70966,Micky Fussie,CJ
Youopia,1824,Shahr-e Bābak,35920,Wendi Ellery,LGF.B
Yakidoo,2012,Sangtian,72391,Heather Potter,CMCM
Kwimbee,1939,Pueblo Viejo,97297,Chase Kornousek,NEA
DabZ,1981,Revolucion,9442,Rawley Eade,SKM
Rhynoodle,1863,Arneiro,80673,Jabez Syratt,MDLZ
Mynte,2015,Prévost,55343,Dalston Mapstone,FDS
Quinu,1852,Trbovlje,92487,Corrine Carlill,SPXX
Tagchat,2013,Uozu,46299,Calv Hanniger,MDR
Gabcube,1802,Além,77040,Cordell Leigh,BRX
Quinu,2021,Pancas,24890,Hedwiga Durrant,EDN
Vimbo,1858,Kafr Baţnā,72633,Wait Rosenshine,CZNC
Leexo,1993,Krajan Battal,40056,Ginny Chase,CMRE^D
Livepath,1955,El Real,56279,Lucien Bourner,HBNC
Avavee,1996,Lujing Zhen,60794,Gweneth Blenkinsop,VSDA
Skyvu,1854,Agana Heights Village,51186,Barbe Nayer,ATHN
Riffpath,2001,San Jerónimo,92815,Maurene Skrine,VIPS
Topicstorm,1931,Kowo,29107,Dedra Draayer,CUBN
Camido,1846,Sembalunbumbung,85729,Mattie Trosdall,STAR^G
Mynte,1823,Caacupé,80979,Gil Pitrelli,MAYS
Rhybox,1917,Mina Clavero,10065,Ailyn Simenon,ARE
Kanoodle,1828,Hrotovice,99764,Mitchell Abade,KOP
Rhyzio,1803,Manquiring,90397,Robinet Ksandra,SD
Yodo,2019,Ranilug,57400,Addi McCreary,AEIS
Quinu,1861,Batujaran,9672,Darla MacCoveney,AIN
Zoomlounge,1928,Hongyan,29375,Walden Latore,IAC
Vinder,1815,Agriá,43954,Adrian Fryett,FWP
Tekfly,1998,Soisy-sous-Montmorency,74,Joscelin Lamblin,BXMT
Zoomzone,1985,Sąspów,13310,Missy Yearnsley,HMNY
Skyba,1927,Oyama,87976,Parke Keelin,SLG^I
Yombu,1935,Bungoma,99848,Emlen Eadmeades,HVBC
Gigaclub,1837,Hāgere Selam,94227,Leodora Brislane,LAKE
Oyondu,1965,Badou,87376,Claudius Babbe,MYN
Jaxbean,1967,Xihuachi,1895,Zitella Skyner,BSPM
Edgeclub,1915,Kasama,41669,Maxie Fearn,UNT
Zoonder,2020,Mjölby,62373,Kelsi De Dantesie,FAF
Vinder,1832,Seidu,63292,Antony Drinkall,UTSI
Yodoo,2009,Nongoma,51535,Sanders Hagerty,SHI
Trilia,1882,Glushkovo,50273,Tarah Clappson,TARO
Skyble,1837,Junyang,82069,Rosemarie Blanning,SNGXW
Wikizz,1857,Skene,97837,Federica Penrose,ESGE
Buzzshare,1984,Peza e Madhe,63552,Maxi Philipsohn,SYX
Twimm,1850,Caen,94294,Brockie Langmuir,F
Zooxo,1918,Ōarai,48183,Farlay Lynthal,CMCM
Feedfire,1865,Bom Despacho,30703,Nanny Okenden,PRGS
Zava,1909,Chyšky,14157,Ganny Sketcher,VGM
Thoughtmix,1918,Kolape,65641,Kristian Faragher,FEP
Youtags,1888,Huangjinjing,72344,Xylina Crampsey,HOFT
Kaymbo,1896,Murovanoye,77668,Hillier Goldring,LEA
Skidoo,1871,Kyaka,83887,Val Wiffler,HCM
Fiveclub,1982,Zhenxing,40816,Katerina Welling,FAC
Quamba,1968,Kālābāgh,33331,Kathrine Yaxley,GEH
Browsetype,1992,Erping,29578,Cobbie Duffyn,TWIN
Yadel,2009,Masjid,8657,Lotta Orrom,RVLT
Linkbridge,1869,Fushan,87925,Hank Castanho,DCUC
Kaymbo,1833,Memphis,31251,Aymer Keynes,PSMT
Mybuzz,1914,Bern,97168,Lyman Ofener,GPACU
Gevee,1820,Tombatu,22776,Isabelle Franiak,MIRN
Edgepulse,1922,Fonte do Feto,97008,Montgomery Dominetti,LBTYA
Realcube,1900,Umpak,92873,Anett Whitmell,ALGT
Yodo,1976,Jinghong,38623,Gibb Goodge,MANH
Thoughtworks,1917,Ballina,70986,Jermaine Fairhurst,MFG
Realcube,1989,Rio Covo,75657,Garret Mollon,NCZ
Jabbersphere,1997,Uinskoye,45479,Gardiner Gibard,GIB
Ozu,1898,Harembo,71633,Eula Filippazzo,GPT^A
Eamia,1818,Tangub,28619,Ugo Gilberthorpe,LTEA
Mynte,1936,Guay,55774,Raviv De Giorgi,HPQ
Thoughtbeat,1862,Chak Two Hundred Forty-Nine TDA,52029,Leonerd Beek,WHLRD
Voolia,1895,Arnelas,86402,Stevie Tilt,ABR^C
Browsezoom,1816,Itatiba,67021,Arlen Mc Harg,NCS
Feedfire,2012,Uummannaq,21200,Edyth Schnitter,CDK
Yombu,1848,Saño,84613,Filbert Stockin,OPP
Dynabox,1895,Mt Peto,29695,Blanch McCluskey,SJW
Trunyx,2012,Stavyshche,68878,Garrick Helstrip,MMLP
Eimbee,1873,Xincheng,20729,Charmine Puddan,RAIL
Twitterbridge,1969,Chironkamba,26748,Louisette Bragginton,RARE
Abata,1871,Chumen,37279,Auria Kirtland,PTEN
Snaptags,1844,Guebwiller,85500,Neilla Smye,BLMN
Twitterbeat,1884,Taclobo,3478,Matty Collings,CFCOU
Photojam,2009,Cần Giờ,71362,Blithe Whittam,INNL
Vitz,1872,Volodarsk,97670,Yetta Tibalt,PULM
Yozio,1877,Nusaherang,95754,Clarey Gookey,NTG
Youspan,1822,San Pedro Pinula,67297,Carrissa Castane,CHD
Podcat,2004,Luz de Tavira,51685,Garrick Bansal,SPE^B
Topicware,1807,Calsib,77343,Eydie Walster,ECYT
Centidel,1902,Sogcho,154,Aline Sogg,JBN
Lajo,1803,Jāti,853,Neila Shurlock,GDV^A
Mydo,1858,Votuporanga,98835,Lisha Boat,VDSI
Mymm,1918,Schaumburg,42295,Witty Wettern,JHY
Oyope,1929,Gines-Patay,87922,Ignatius Skehens,CLSD
Gigazoom,1945,Jabłoń,98437,Jake Crummie,FRSX
Photospace,1943,Neópolis,23908,Ash Lodwig,MXE
Jamia,2022,Emiliano Zapata,45150,Parnell Piniur,RELX
Skinte,1829,Yanmenkou,11528,Daryl Hannent,NM^H
Tambee,1937,Mianhu,17190,Adiana Wykey,SOHU
Trudeo,1887,Roubaix,98974,Chip Galpin,VREX
Mynte,1924,Bordeaux,16724,Kurtis Kynd,VYGR
DabZ,1825,Hafnarfjörður,96554,Kessiah Yellep,LJPC
Meemm,1979,Haninge,72439,Laurella Hopfer,CTDD
Lajo,1813,Ōiso,75559,Rebecca Curbishley,PGNX
DabZ,1990,Kafr az Zayyāt,51102,Tish MacAnelley,BSTC
Voolith,2007,Lovas,68425,Kamillah Darragh,S
Tagpad,1876,Deh-e Now,76559,Nerissa Lethabridge,GEC
Mydeo,1869,Breu,81638,Johny Goodee,TISI
Aibox,1928,Wādī as Sīr,89982,Terry Plows,CXDC
Oyondu,1947,Khānaqāh,99409,Tobit Saxton,TCO^K
Flashspan,1954,Gaolong,21500,Ronny Sherrett,FOANC
Gabtype,1952,Yonglong,91398,Odette Enston,CFG
Gigaclub,1863,Zernograd,23390,Jodi Hemphall,KGC
Teklist,1829,San Antonio,38796,Shelley Hodgen,RPT
Ntags,2012,El Rosario,75575,Aretha Blackmoor,SSTI
BlogXS,1814,Andrijevica,43849,Cassandre Peasgood,DSWL
Jabbercube,1858,Torsby,30220,Laverne Eggar,TIF
Omba,2017,Pojok,40089,Pete Fabry,KEP
Flashpoint,1908,Sarnów,21647,Denyse Kenningley,ALL^A
Quatz,1810,Vayk’,99606,Sigismund Perl,FCVT
Camido,1865,Vohibinany,423,Juan Saker,TSRI
Voonte,2022,Kagadi,32553,Cassaundra Bailiss,SCVL
Lajo,1936,Venëv,93350,Lilias O'Connolly,PRIM
Voolith,1838,Kula,50317,Stefa Calan,DQ
Skinte,1872,Shouyan,43553,Fredericka Gogie,KNX
Oyonder,1842,Enschede,31824,Rudyard Wedge,PULM
Mita,2017,Abha,67409,Rob Hearfield,IXUS
Edgewire,1843,Plato,21395,Addi Gillespie,TLT
Demizz,1978,Ramanavichy,2969,Gnni Berick,SAP
Gabcube,1892,Huancarqui,63838,Benedikt Garza,DXLG
Linkbridge,1852,Yessentukskaya,23704,Marchall Penritt,LINC
Quire,1846,Nässjö,70883,Stephani Chiswell,BWINA
Skajo,1933,Piraquara,14495,Anny Rawet,GEOS
Einti,1838,Minato,12918,Trueman Conneely,GTS
JumpXS,1980,Lantapan,88541,Bronson Knell,VBIV
Abata,1819,Lianga,93218,Fiona Ashe,LLIT
Voomm,2000,Armenia,35866,Octavia Phipson,BICK
Quamba,1825,Xujia,42093,Lexis Conquest,KODK.WS.A
Dabtype,1987,Waimangura,66206,Granny Skeemer,MMU
Buzzbean,1997,Hangwula,35506,Launce Wiersma,CDTX
Divavu,1878,Sindangrasa,14932,Dani Williamson,BOTZ
Eadel,1894,Nong Saeng,13726,Celia Rodda,LTBR
Topiczoom,2003,Baishan,59910,Ulick Hickeringill,FBP
Jetwire,1950,Ambulong,52056,Blancha De Ortega,TRU
Innotype,1821,Berekum,79057,Theresina Blissitt,AMRC
Zoomdog,1852,Urasqui,89957,Gizela Oganian,KAMN
Katz,1921,pamas,33178,Gabbi Shinner,SEDG
Thoughtmix,1952,Oehaunu,23004,Babara Lugsdin,PNR
Tazzy,1847,Saniwonorejo,60269,Ardith Tzuker,MARK
Zoomdog,1838,Tembisa,28156,Sollie Gascoyne,DQ
Zoomdog,1986,Ростуша,52330,Rochette Cordeau,NAVG
Buzzshare,1938,Jiangxi,6540,Simmonds Serle,BUSE
Skipstorm,1842,Sahatsakhan,1883,Sephira Stanway,MBSD
Jazzy,1978,Bratislava,94932,Lurlene Willbourne,ABCB
Teklist,1826,Erhaodi,2336,Halsey Swalowe,NPK
Realcube,1932,Ūdalah,37212,Darwin De la Eglise,NCV
Tagopia,2004,Jamālpur,37032,Datha Maruszewski,VRNS
Skimia,1840,Lughaye,62720,Wallie Jacques,NR
Zoonoodle,1837,Burgkirchen,79864,Fidel Burchard,WPXP
Yacero,1808,Porto União,82991,Manolo Luscombe,INWK
Cogilith,1879,Wangda,79080,Cole Battman,PSC
Yombu,1860,Podgortsy,65983,Bartram Millhouse,XOG
Brainverse,2005,Verblyany,66964,Ragnar Georgiev,NCTY
Babbleset,1959,Mukun,7162,Koralle Mytton,IPAS
Devcast,1885,Puyang,927,Briney Giocannoni,THGA
Trilia,1813,Shebunino,31074,Hank Redborn,OSN
Skinix,1903,Göteborg,21060,Hedwiga Towse,LSCC
Oyondu,1880,Lallayug,92424,Bliss Whitemarsh,PCQ
Livefish,1985,Charlestown,58910,Alie Godbehere,PMX
Rhyzio,1970,Salamanca,93117,Vivian Newlin,LTXB
Quamba,1800,San Vicente,31575,Berny Poltun,SAMG
Twimbo,2001,Novi Šeher,96783,Cozmo Levine,AVA
Cogibox,1890,Samdo,34221,Francklyn Enric,FRC^E
Avaveo,2020,Остров Пасхи,1906,Chandler Wainman,PPP
Mydeo,1846,Thaba Nchu,15263,Maddie O'Cahsedy,INFO
Centimia,1864,L'viv,9499,Sterne Anderl,BRX
Meevee,1954,Jingling,91185,Anny Bore,RA
Thoughtworks,1807,Biscucuy,77563,Charin Grute,LPCN
Kwilith,1890,Miraflores,94268,Maude Dumberrill,DSX^B
Blogtags,1938,Ladhewāla Warāich,4403,Barby Bento,CFNB
Mycat,1946,‘Awartā,7661,Rob Brighty,JMM
Yambee,1851,Austin,69799,Sapphira Caizley,STT
Wikivu,1871,Al Mushannaf,83716,Abdul Trippick,NYCB
Tagpad,1938,Nevers,75550,Addie Bolam,WST
Brainlounge,1935,Juatuba,9383,Lesley Mosconi,DKT
JumpXS,1991,Laojun,99243,Lindsey Whetnell,PSCI
Zazio,1973,Cigintung,60127,Patty Presslee,PAVMW
Ntags,1956,General Vedia,66730,Kimberley Drummer,SPXC
Zoomcast,1919,Nanzhao,80597,Clovis Cranney,EIGR
Yozio,1950,Santa Catalina,36089,Harli Anglin,RTRX
Browsetype,1915,Barbosa,51387,Lacie Laraway,WMS
Wikido,1838,Yuyue,19179,Travus Adamov,HESM
Ntags,1821,Formosa,83178,Bellanca Duggon,SFNC
Yodo,1978,Dongjiao,11511,Ransell Yaakov,UN
Brightdog,1901,Kalenderovci Donji,52546,Rolando Jandel,PODD
Ailane,1839,Kendayakan,85958,Natty Briance,EEA
Jayo,1924,Raczki,18972,Gery Mowsley,WHFBL
Tazz,1896,Zhuhong,56263,Cleve Lazenby,WCC
Skiba,1901,Dumbéa,50983,Dre Canet,ABMD
Browseblab,1800,Astara,43768,Harlie Pyer,ELLI
Edgeclub,1926,Tekikbanyuurip,18745,Lindi Greenshields,CNCO
Meedoo,1917,Hujiagou,34615,Cullin Peiser,ALL^E
Innojam,1934,Zhaoyuan,17185,Delia Peacop,PF
Buzzbean,1964,Końskowola,26325,Bendix Giacomuzzi,PHD
Livetube,1833,Santa Fe,43744,Rianon Bertouloume,BFK
Quatz,1894,Dongjin,62135,Hinze O'Dowgaine,NP
Fanoodle,1960,Al Mayādīn,33072,Noam Botfield,RCI
Youbridge,1935,Aurora,78219,Idaline Angel,SELB
Blogpad,1964,Isnā,71562,Sean Caldecot,MXIM
Skipstorm,1871,Ţalkhā,13423,Petronille Martello,HBANN
Browsecat,1818,Ban Phue,97513,Francene Flemmich,ICCH
Topicware,1996,Bobota,75605,Moise Albarez,VYMI
Youspan,1970,Mozhong,31599,Florencia Turone,DAVE
Gigashots,1885,Brzyska,20741,Eileen Gouldsmith,DBD
Voolia,1977,Kachia,67563,Noe Bownass,SOXX
Gigaclub,1925,Jiwei,5106,Shawnee Jasik,PIRS
Tagtune,1925,Krasnyy Luch,99119,Marshall Cage,NGHCO
Zoozzy,1941,Waepana,35278,Laural Dahmel,ZN
Mybuzz,1986,Antiguo Cuscatlán,1723,Emmit Langmaid,BX
Trudoo,1800,Bogra,1486,Eleanor Windram,DX^A
Skynoodle,1848,Nabeul,81619,Torin Liversage,GHDX
Dabshots,1876,Shah Alam,77212,Nealon Satterlee,HVT.A
Kazio,1951,Noebana,84781,Duncan Jurgenson,C^K
Feedspan,1992,Gbawe,9732,Carolan Noonan,BBP
Nlounge,1801,Wonopringgo,95167,Jeannine Petera,KTH
Browsedrive,1978,Salam,62668,Wallis Adamov,HBI
Livepath,1885,Detchino,87948,Baxie Davio,ESRX
Wordify,1840,Lile,76338,Jorge Trude,MLVF
Gigaclub,1835,Lāchi,39923,Innis Fownes,BFAM
Feedmix,1853,Mollās̄ānī,26931,Coleen Peasby,WFC^O
Kimia,1959,Ghouazi,86086,Pollyanna Friatt,ESGE
Realcube,1999,Nkongsamba,92758,Haskell Harrington,CLS
Yodoo,1940,Weishan,61748,Jenni Roxbrough,HMTV
Gabspot,1828,København,90479,Shermie Laxtonne,URGN
Ooba,1873,Songshan,99938,Sibeal Handrik,KAI
Bluezoom,1945,Koungou,31089,Marcello Gosenell,LOCO
Voolith,1925,Kezileboyi,89229,Olympia Millett,MATW
Devpulse,1934,Milwaukee,91014,Milzie Boler,ALLY^A
Realbuzz,1995,Kiangan,74954,Selia Nizard,CEO
Vinte,1919,Tūkrah,90581,Kile Gibson,BIDU
Myworks,2022,San Miguel,96676,Rhianon Lochran,SPLP^A
Linktype,1909,Iúna,37554,Felicdad Dutnall,FISI
Devshare,1955,Soanierana Ivongo,80064,Dyann Learmonth,PFBI
Kimia,1900,Béziers,41584,Pavia Bertouloume,TACO
Devify,1924,Khān Yūnis,66511,Rand Nind,DGICA
Fatz,1837,Ramos,15476,Francisco Stoite,SD
Browsecat,1903,Coronda,43872,Ernesta Foston,RUTH
Thoughtbeat,1877,Simapu,67839,Salomon Byrde,NTG
Twitterbeat,1966,Groningen,50565,Charlie Vasiljevic,VTIP
Skalith,1873,Pallasca,87969,Jemmy Kemet,RELL
Wikizz,1859,Teculután,56224,Briny Geraldini,EFT
Oba,1998,Bungur,97327,Pierce Yankov,BMRN
Podcat,1898,Melekyne,17448,Ernestus Siebert,IEP
Skivee,1983,Jiangkou,27690,Lacie Nias,SEV
Rhynyx,1995,San Jose,97575,Stacee Challiss,DD^A
Kimia,1893,Mangseng,41408,Emogene Muckian,MA
Aibox,1882,Sovetskiy,84658,Gilly Morrowe,EFR
Zazio,1811,Náousa,93595,Baxter Waltho,PRPH
Photobean,1887,Chybie,66617,Chrisse Ebben,MICTW
Npath,1899,Turinsk,1880,Star Needs,CETXW
Realmix,1807,Nuevo Arraiján,24572,Nomi Stelljes,CHUBK
Skipstorm,2001,Agua Buena,62831,Cher Kerin,NTEST
Tanoodle,1823,Vale de Madeiros,31370,Sheba Coplestone,KANG
Yodel,2021,Gombe,43052,Fee Trainer,EFAS
Wordtune,1860,Douba,89582,Gaby Coxhell,STO
Rhyloo,1965,Tamot,75960,Binny Degoix,EPR^E
Oozz,1891,Patique,88198,Gilli de Aguirre,HEQ
Riffwire,1824,London,1196,Daune Plumtree,CRAY
Twitterlist,2001,Cúcuta,24105,Cyb Loan,ASC
Realpoint,1896,Heshi,95310,Nollie Hallen,LMFA
Youfeed,1920,Canindé,53915,Jeana Lassen,WIX
Skinix,1966,Kandy,6398,Elisha Kennerknecht,NMM
Innojam,1915,Ukata,60267,Agace Pionter,AMOV
Topiclounge,2001,Azeitão,31888,Alta Ipsly,AFSI^D
Skyba,2022,Gedongmulyo,50830,Winne Toffolo,IPKW
Brainverse,1915,Letpandan,19864,Vida Glasson,WHLRW
Zoomcast,1803,Patemon,24784,Eolanda Casassa,HGT
Twinte,1899,Korsakovo,80905,Annabelle Boag,ELU
Janyx,1868,Newport News,60522,Junina Burberry,BTU
Skiptube,1819,Petropavlivka,75966,Jeth Gouny,PEIX
Jetwire,1943,Prey Veng,53807,Arte Whitcomb,PCRX
Quire,2011,Prior Velho,7400,Abran Budgett,BFS
Eadel,1992,Liushi,81496,Mandie Eady,VYGR
Snaptags,1989,Tetovo,83414,Nanci Laboune,UNP
Realpoint,1834,Zhigulevsk,55226,West Lafuente,PDLI
Vimbo,1930,Kąty Wrocławskie,72779,Nelle Erington,BAC^A
Miboo,2017,Puerto Cisnes,8324,Tremayne Huckleby,ELY
Mita,1948,Aş Şanamayn,72490,Celesta Greenig,CELGZ
Yombu,1997,Pallanchacra,72469,Arielle Braine,KKR^B
Tagopia,1967,Huanshan,41691,Heida Hauch,PICO
Zooveo,1830,Reguenga,59075,Rhiamon Belli,EOI
Oloo,1889,Gierłoż,63084,Laurens Jojic,CVGI
Mudo,1967,Famões,62770,Beulah Halworth,OFC^L.CL
Thoughtbeat,1837,Fontanka,90115,Bidget Dunk,MTB^
Kanoodle,1828,Katwijk,47967,Ealasaid Wrettum,C.WS.A
Brainverse,1865,Villa Nueva,56104,Sherwynd Lockhart,CATM
Muxo,1827,Wuyun,69136,Ysabel Lamlin,JE^A
Shufflebeat,2015,Tangwāni,30273,Nessi Arondel,MCR
Zoovu,2012,Kamenica,36745,Dina Pallin,SU
Gigabox,1965,Cortes,54454,Celestyna Aucott,TPIC
Zoozzy,1821,Guanlu,23199,Meagan Callander,LTRPB
Cogidoo,1946,Xiaozhen,91215,Nikos Emmer,BSPM
Meemm,1830,Xinminxiang,68567,Jedd Applewhaite,ASA
Skalith,1976,Gubat,82427,Tarrah Buller,TEN
Aibox,1839,El Pao,45573,Remy Rubinsohn,JFC
Oba,1816,El Arañado,20258,Estevan Beed,NGVC
Latz,1853,Maraã,91827,Camala Ruprecht,MMS
Jabbertype,1807,Pereira,8794,Jeanelle Prime,JTA
Mymm,1942,Szelków,59002,Allayne Pollicott,APPN
Skyble,1944,Béthune,42712,Stanley Simenet,CRESY
Camimbo,1809,Baqiao,18792,Corabelle Wellsman,MRTN
Zoonder,1929,Gryaznovskoye,31516,Bancroft Bellham,TAPR
Gigabox,1876,Katrineholm,45979,Kassi May,CACG
Talane,1851,La Roche-sur-Yon,66174,Archaimbaud Earp,FDC
Flipstorm,2015,Tamra,94271,Diena Labbett,FBK
